-- MySQL dump 10.13  Distrib 5.7.27, for Linux (x86_64)
--
-- Host: localhost    Database: wickedSales
-- ------------------------------------------------------
-- Server version	5.7.27-0ubuntu0.18.04.1

/*!40101 SET @OLD_CHARACTER_SET_CLIENT=@@CHARACTER_SET_CLIENT */;
/*!40101 SET @OLD_CHARACTER_SET_RESULTS=@@CHARACTER_SET_RESULTS */;
/*!40101 SET @OLD_COLLATION_CONNECTION=@@COLLATION_CONNECTION */;
/*!40101 SET NAMES utf8 */;
/*!40103 SET @OLD_TIME_ZONE=@@TIME_ZONE */;
/*!40103 SET TIME_ZONE='+00:00' */;
/*!40014 SET @OLD_UNIQUE_CHECKS=@@UNIQUE_CHECKS, UNIQUE_CHECKS=0 */;
/*!40014 SET @OLD_FOREIGN_KEY_CHECKS=@@FOREIGN_KEY_CHECKS, FOREIGN_KEY_CHECKS=0 */;
/*!40101 SET @OLD_SQL_MODE=@@SQL_MODE, SQL_MODE='NO_AUTO_VALUE_ON_ZERO' */;
/*!40111 SET @OLD_SQL_NOTES=@@SQL_NOTES, SQL_NOTES=0 */;

--
-- Table structure for table `cartItems`
--

DROP TABLE IF EXISTS `cartItems`;
/*!40101 SET @saved_cs_client     = @@character_set_client */;
/*!40101 SET character_set_client = utf8 */;
CREATE TABLE `cartItems` (
  `cartItemId` int(11) NOT NULL AUTO_INCREMENT,
  `cartId` int(11) NOT NULL,
  `productId` int(11) NOT NULL,
  `price` int(11) NOT NULL,
  `hasDiscount` varchar(5) COLLATE utf8mb4_unicode_ci NOT NULL,
  PRIMARY KEY (`cartItemId`)
) ENGINE=InnoDB AUTO_INCREMENT=89 DEFAULT CHARSET=utf8mb4 COLLATE=utf8mb4_unicode_ci;
/*!40101 SET character_set_client = @saved_cs_client */;

--
-- Dumping data for table `cartItems`
--

LOCK TABLES `cartItems` WRITE;
/*!40000 ALTER TABLE `cartItems` DISABLE KEYS */;
INSERT INTO `cartItems` VALUES (1,1,2,2900,''),(2,1,5,9900,''),(3,1,3,2900,''),(4,11,3,2900,''),(5,1,6,830,''),(6,1,9,3450,''),(35,16,11,1498,''),(37,16,3,2900,''),(38,16,8,1549,''),(39,18,13,1987,''),(40,18,17,1182,''),(41,18,16,899,''),(42,19,3,2900,''),(43,20,4,999,''),(44,20,17,1182,''),(47,21,1,2999,''),(48,21,1,2999,''),(50,24,2,2595,''),(51,24,2,2595,''),(52,24,2,2595,''),(53,23,3,2900,''),(54,25,2,2595,''),(55,25,1,2999,''),(56,25,3,2900,''),(57,27,1,2999,''),(73,28,2,1298,''),(74,29,4,500,''),(75,30,6,415,''),(76,33,9,1725,''),(77,33,17,591,''),(78,33,18,799,''),(79,33,13,994,''),(80,33,13,1987,''),(87,34,15,988,'0'),(88,34,15,494,'1');
/*!40000 ALTER TABLE `cartItems` ENABLE KEYS */;
UNLOCK TABLES;

--
-- Table structure for table `carts`
--

DROP TABLE IF EXISTS `carts`;
/*!40101 SET @saved_cs_client     = @@character_set_client */;
/*!40101 SET character_set_client = utf8 */;
CREATE TABLE `carts` (
  `cartId` tinyint(4) NOT NULL AUTO_INCREMENT,
  `createdAt` timestamp NOT NULL DEFAULT CURRENT_TIMESTAMP,
  PRIMARY KEY (`cartId`)
) ENGINE=InnoDB AUTO_INCREMENT=36 DEFAULT CHARSET=utf8mb4 COLLATE=utf8mb4_unicode_ci;
/*!40101 SET character_set_client = @saved_cs_client */;

--
-- Dumping data for table `carts`
--

LOCK TABLES `carts` WRITE;
/*!40000 ALTER TABLE `carts` DISABLE KEYS */;
INSERT INTO `carts` VALUES (1,'2019-11-19 23:56:39'),(2,'2019-11-20 18:41:21'),(3,'2019-11-20 18:41:29'),(4,'2019-11-20 18:42:24'),(5,'2019-11-20 18:47:34'),(6,'2019-11-20 18:49:14'),(7,'2019-11-20 18:50:12'),(8,'2019-11-20 18:59:12'),(9,'2019-11-20 18:59:13'),(10,'2019-11-20 18:59:34'),(11,'2019-11-20 19:03:04'),(12,'2019-11-20 23:18:33'),(13,'2019-11-20 23:24:55'),(14,'2019-11-20 23:25:34'),(15,'2019-11-20 23:25:53'),(16,'2019-11-21 00:40:08'),(17,'2019-11-21 05:57:52'),(18,'2019-11-22 01:35:11'),(19,'2019-11-22 01:38:09'),(20,'2019-11-22 01:38:51'),(21,'2019-11-22 01:46:02'),(22,'2019-11-23 01:55:34'),(23,'2019-12-16 21:13:43'),(24,'2019-12-17 20:40:31'),(25,'2019-12-17 20:44:30'),(26,'2019-12-17 20:47:06'),(27,'2019-12-19 08:32:16'),(28,'2019-12-19 08:43:56'),(29,'2019-12-19 21:26:17'),(30,'2019-12-19 21:26:50'),(31,'2019-12-19 21:35:08'),(32,'2019-12-22 01:58:50'),(33,'2019-12-30 04:57:22'),(34,'2019-12-30 05:49:28'),(35,'2019-12-30 06:04:40');
/*!40000 ALTER TABLE `carts` ENABLE KEYS */;
UNLOCK TABLES;

--
-- Table structure for table `orders`
--

DROP TABLE IF EXISTS `orders`;
/*!40101 SET @saved_cs_client     = @@character_set_client */;
/*!40101 SET character_set_client = utf8 */;
CREATE TABLE `orders` (
  `orderId` int(11) NOT NULL AUTO_INCREMENT,
  `cartId` int(11) NOT NULL,
  `name` varchar(30) COLLATE utf8mb4_unicode_ci NOT NULL,
  `creditCard` varchar(20) COLLATE utf8mb4_unicode_ci NOT NULL,
  `shippingAddress` varchar(100) COLLATE utf8mb4_unicode_ci NOT NULL,
  `createdAt` timestamp NOT NULL DEFAULT CURRENT_TIMESTAMP,
  PRIMARY KEY (`orderId`)
) ENGINE=InnoDB AUTO_INCREMENT=15 DEFAULT CHARSET=utf8mb4 COLLATE=utf8mb4_unicode_ci;
/*!40101 SET character_set_client = @saved_cs_client */;

--
-- Dumping data for table `orders`
--

LOCK TABLES `orders` WRITE;
/*!40000 ALTER TABLE `orders` DISABLE KEYS */;
INSERT INTO `orders` VALUES (1,16,'Roger','1234567890','lfz','2019-11-21 22:55:48'),(2,16,'Roger','1234567890','lfz','2019-11-21 23:00:21'),(3,16,'Roger','1234567890','lfz','2019-11-22 01:14:59'),(4,16,'Test Test','1234567890123456','123 Test Place','2019-11-22 01:35:07'),(5,18,'Test Test','1234567890123456','123 Test Place','2019-11-22 01:38:08'),(6,19,'Test Test','1234567890123456','123 Test Place','2019-11-22 01:38:49'),(7,20,'Test Test','1234567890123456','123 Test Place','2019-11-22 01:46:01'),(8,21,'Test Test','1234567890123456','123 Test Place','2019-11-23 01:55:29'),(9,24,'Test Test','1234567890123456','123 Test Place','2019-12-17 20:44:21'),(10,27,'Saretha Enand','1234567890123456','28601 los alisos blvd CA','2019-12-19 08:43:55'),(11,28,'fadsfadf','2452452625623645','gfsbsd','2019-12-19 21:26:17'),(12,29,'fsgdfgs','5525425245245245','fguu','2019-12-19 21:26:50'),(13,30,'fasdfads','5243524352452345','fsgsfdgsf','2019-12-19 21:35:08'),(14,34,'fdsafsdf','3423423423423433','eqwfasdfa','2019-12-30 06:04:40');
/*!40000 ALTER TABLE `orders` ENABLE KEYS */;
UNLOCK TABLES;

--
-- Table structure for table `products`
--

DROP TABLE IF EXISTS `products`;
/*!40101 SET @saved_cs_client     = @@character_set_client */;
/*!40101 SET character_set_client = utf8 */;
CREATE TABLE `products` (
  `productId` int(11) NOT NULL AUTO_INCREMENT,
  `name` varchar(32) COLLATE utf8mb4_unicode_ci NOT NULL,
  `price` int(11) NOT NULL,
  `image` varchar(64) COLLATE utf8mb4_unicode_ci NOT NULL,
  `shortDescription` varchar(128) COLLATE utf8mb4_unicode_ci NOT NULL,
  `longDescription` text COLLATE utf8mb4_unicode_ci NOT NULL,
  PRIMARY KEY (`productId`)
) ENGINE=InnoDB AUTO_INCREMENT=19 DEFAULT CHARSET=utf8mb4 COLLATE=utf8mb4_unicode_ci;
/*!40101 SET character_set_client = @saved_cs_client */;

--
-- Dumping data for table `products`
--

LOCK TABLES `products` WRITE;
/*!40000 ALTER TABLE `products` DISABLE KEYS */;
INSERT INTO `products` VALUES (1,'Shake Weight',2999,'/images/shake-weight.jpg','Dynamic Inertia technology ignites muscles in arms, shoulders, and chest.','Shake Weight Exercise Weight. Keep your entire upper body toned with the famous weight. Its patented design uses kinetic force and tension to tone the arms for a sleek and sexy look. Shake your way to firm and fabulous arms and shoulders in just six minutes a day with the shake exercise weight. It\'s fun and easy to use. You can use it at home while watching TV or in the office. Users see dramatic results in just six minutes a day. This set includes a DVD with a step-by-step routine and three simple exercises. A women\'s exercise weight that works for all fitness levels, it has a unique design that uses revolutionary patent pending Dynamic Inertia technology. It\'s scientifically proven to generate dramatic increase in EMG muscle activity compared to dumbbells. The Shake Weight Exercise Weight 2-1/2 lb boxed is suitable for people of all ages.'),(2,'ShamWow',2595,'/images/shamwow.jpg','It\'s like a chamois, towel, and sponge, all in one! Soaks up to 10x it\'s weight in any liquid!','The world famous ORIGINAL As-Seen-On-TV Shamwow! It\'s like a Chamois (Shammy), Towel, and a Sponge, all in One. 8 piece set - 4 large towel cloths and 4 small towel cloths. The massive ShamWow towels are 20 x 23.5 inches and the minis are 15 x 15 inches You can cut the large ones in half to use as a bath mat, drain your dishes, under your crisper to keep the veggies fresh and even make smaller ones for dish rags.\r\n\r\nSUPER ABSORBENT: Soaks up to 10x it\'s weight in any liquid! Easily absorbs cola, wine, and pet stains. Doesn\'t drip, doesn\'t make a mess.\r\n\r\nMULTI PURPOSE: Washes, dries, and polishes any surface. Great for drying and cleaning your kitchen, bathroom, carpet stains, windows, car, boat, and RV. Great Camp Towel. Even cleans your dog or cat!\r\nNON-ABRASIVE, will not scratch any surface. MACHINE WASHABLE and bleachable. Lasts up to 10 years!\r\nWe are a US company and our Original Shamwow! products come with a 30 day Manufacturer Return and Refund Policy.'),(3,'Snuggie',2900,'/images/snuggie.jpg','Super-Soft Fleece with pockets! One Size fits all Adults! Keeps you Warm & Your Hands-Free!','THE ORIGINAL SNUGGIE blanket As Seen on TV We are proud to have kept America snug for over 10 years in our cozy fleece blanket with sleeves. SNUGGIE BLANKET is a functional wearable blanket, built for relaxation. It will keep you warm whether you are watching TV or reading a book. The built-in pockets keep your devices handy, while the sleeves leave your hands free to flip the page or change the channel!\r\nPERFECT FOR LOUNGING SNUGGIE blanket is the perfect addition to any lazy day! Whether you are sitting on the sofa or lounging in bed, the super soft, light-weight fleece is sure to keep you comfortable all day and night. Keeping you warm from head to toe.\r\nTAKE IT ANYWHERE SNUGGIE blanket keeps you warm during fall sports games, or you can take it with you in the car to keep you comfy and cozy. Office temperatures too low? Grab a SNUGGIE blanket for your cubicle!\r\nA GIFT FOR EVERYONE – Man or woman, young or old, SNUGGIE blanket makes the perfect gift! With so many colors to choose from, everyone is sure to love their SNUGGIE blanket! SNUGGIE Blanket measures 71” x 54” which means it is long enough to wrap around your legs and feet while relaxing and leaves your arms free to move about.\r\nSUPER-SOFT FLEECE with oversized sleeves so you can you move your arms and hands but still be wrapped in warmth. One size fits most adults, so you can stay warm from head to toe no more cold feet. SNUGGIE blanket does not slip & slide like a regular blanket. Care is easy its Machine Washable. PLAID SNUGGIE BLANKET'),(4,'Wax Vac',999,'/images/wax-vac.jpg','Gentle way to remove ear wax. Safe and hygienic. Reduces the risk of painful infections.','About This Item\r\nWe aim to show you accurate product information. Manufacturers, suppliers and others provide what you see here, and we have not verified it. See our disclaimer\r\nThis As Seen on TV WaxVac Ear Cleaner lets you say goodbye to cotton swabs. It uses powerful, yet gentle suction to draw out dirt, wax and moisture. A safety guard prevents the tip from entering too far into the ear canal and causing damage. It also has an examining light on the tip to provide additional visibility while cleaning. The unit dissembles quickly for cleaning to ensure a sanitary tip each time. This As Seen on TV ear cleaner is portable, making it ideal for taking with you while you travel.\r\nAs Seen on TV WaxVac Ear Cleaner:\r\nSafe and effective way to clean and dry your ears\r\nWaxVac cleaner is powerful yet gentle\r\nDraws dirt particles and moisture out of the ear without causing damage\r\nSafety guard to prevent the tip from entering too far into the ear canal\r\nExamining light on the tip to provide additional visibility while cleaning\r\nDissembles quickly for cleaning\r\nSanitary tip each time\r\nAs Seen on TV ear cleaner is cordless\r\nBattery operated'),(5,'Ostrich Pillow',9900,'/images/ostrich-pillow.jpg','Create your own snugly space in the world and feel-good anywhere with the ultimate cocoon pillow.','DREAM IN STYLE: The revolutionary media sensation OSTRICHPILLOW ORIGINAL is the ultimate immersive pillow! Use it for a power nap at your desk, lounging at home, or wherever you may be, without moving an inch. Just slip it on and you\'re off to dreamland\r\nREVOLUTIONARY DESIGN: The travel head pillow is designed to feel immersive like a cocoon, giving the feeling of you being able to disconnect from your surroundings, reducing the light and ambient sound of your environment. With a specifically designed opening on the front side, you can breathe through your nose and mouth easily, along with two more openings for your hands to comfortably slip in above your head\r\nCUSTOM FEEL: Lovingly hand made using a dreamily soft high quality combination of viscose and elastomer, together with the next generation coated micro bead filling create a perfect partnership, helping you drift calmly into relaxation mode\r\nCOMFORT and FUN: Our ORIGINAL pillow is playfully fun and oh so relaxing to touch. Whether you wear it over your head like a champion or simply use it as a lounge pillow at home, it\'s always ready to help make your moments feel extra comfortable\r\nHAND WASHABLE: You can gently spot clean your OSTRICHPILLOW using mild soap and water, making sure to thoroughly air dry afterwards, so it feels good as new! Please visit our website for full care instructions'),(6,'Tater Mitts',830,'/images/tater-mitts.jpg','8 Seconds is All You Need with Tater Mitts Quickly and easily prepare all your favorite potato dishes with Tater Mitts.','Tater Mitts quick peeling potato gloves. Peels the thinnest layer of potato skin.Tater Mitts are the new kitchen gloves that combine comfort and innovation to bring you the ultimate potato peeling process. • 8 seconds is all you need to peel one potato effortlessly without getting your hands wet, nicked or cut. • Just simply rub any potato with a few quick strokes and you will have a perfectly peeled in an instant. • Tater Mitts remove only the thinest layer of skin so there is no wasted potatos • Pick up a potato wearing Tater Mitts and rub it vigorously under cold running water to remove the skin. • You can place a colander underneath for easy clean up. . • The special surface of the Tater Mitts allows you to peel the potato with minimum effort and maximum results..'),(7,'Chia Pet',1797,'/images/golden-girls-chia.jpeg','The Golden Girls Chia Pet Collection is a fun and amusing gift for any age and any occasion.','The Golden Girls Chia Pet Collection is a fun and amusing gift for any age and any occasion. Be a pal and a confidant to Rose Nylund, Blanche Devereaux, Dorothy Zbornak, and Sophia Petrillo. Collect them all and bring the Golden Girls home with you! Easy to Do ... Fun to Grow! The Golden Girls Chia Pet Collection is a fun and amusing gift for any age and any occasion. Be a pal and a confidant to Rose, Blanche, Dorothy, and Sophia! Easy to Do ... Fun to Grow! You\'ll see a full coat in about 1-2 weeks, and you can reuse your Chia indefinitely. Simply replant with Chia seeds packets (extra seeds included) or similar herb seeds such as basil, alfalfa, marjoram or thyme. Package contains:\r\nA Chia Handmade Pottery Planter\r\nChia Seed Packet for 3 Plantings\r\nConvenient Plastic Drip Tray\r\nPlanting & Care Instructions Sheet.\r\n\r\nCollect all 4 Golden Girls!\r\n\r\nEVERYTHING YOU NEED IN ONE: Each Chia Pet includes a unique pottery planter, convenient plastic drip tray and chia seed packets for 3 plantings.\r\nFULL GROWTH 1-2 WEEKS: In just a few short weeks your chia pet will achieve maximum growth and enjoy a luscious green coat. Each Chia Pet contains a simple 6 step care instruction on how to grow your creation.\r\nGREAT GIFT FOR ANY OCCASION: Chia Pets are the perfect and affordable gift for any budget. Both kids and adults will love to watch chia planters sprout and develop into a hilarious creation.\r\nTHE CHIA COLLECTION: The variety is endless! Chia Pets come in all different shapes and sizes including your favorite presidents, actors, emojis, and even movie characters. Watch your collection keep growing!\r\nMULTIPLE USES: Chia Planters can be washed and replanted indefinitely. The fun never stops with ch-ch-ch-chia pets!'),(8,'Dream Tent',1549,'/images/dreamtent.png','DreamTents™ are fun pop up tents that give your child their own private world at night.','DreamTents™ are fun pop up tents that give your child their own private world at night. DreamTents™ make bedtime fun! The pop up tent come with a personal reading light, so your kids can have their own private magical reading nook. DreamTents™ are easy to set up and easy to store; hey instantly pop open and they fasten to the bed in just seconds. They work on all twin beds, even bunk beds! To store them, you just fold, and put away.'),(9,'Egg Sitter',3450,'/images/eggsitter.jpeg','The Egg Sitter supports your backside and spine so well that you can sit on an egg without breaking it.','Say goodbye to achy muscles and a stiff with As Seen On Tv Egg Sitter Gel Seat Cushion. The Egg Sitter supports your backside and spine so well that you can sit on an egg without breaking it. Say goodbye to sore muscles from sitting all day or a stiff back from long car rides. The Gel Seat Cushion allows you to sit all day in the hardest chair and still feel comfortable. Other support cushions need a gap in the center to cradle the tailbone, Not the Egg Sitter™. Its honeycomb design is made of ultra-flex polymer and collapses in on itself to absorb pressure points. The flex grid stays cool to the touch and allows air to circulate underneath. You\'ll get optimal lumbar support when you sit on the As Seen On Tv Egg Sitter Gel Seat Cushion. Super strong and durable, it always restores its shape. It\'s perfect for use at home, in the car, and at the office.'),(10,'Ice Genie',1498,'/images/icegenie.jpeg','The Space Saving Ice Cube Maker','The As Seen on TV Ice Genie is unlike any ordinary ice cube trays, this Ice Genie has a unique dual-chamber design and a large capacity of 5.12*5.5-inch size. The outer chamber can be used to freeze ice cubes, while the inner chamber can be used to store them. You can make 40 beautiful ice cubes at a time. The inner cylinder can hold up to 120 ice cubes. It not only saves space, but is also easy to carry, therefore it replaces lots of traditional ice cube trays. The Ice Genie is made of high-quality materials and food-grade silicone are safe, easy and durable in use. The internal keeping temperature for the cold drinks guarantees no melting of ice. Fashionable and handsome appearance, and a stylistic and popular design makes it proper for your use in office time or daily life.'),(11,'Egglettes',1498,'/images/egglets.jpeg','The Egglettes Hard Boiled Egg Maker helps make the process of preparing hard boiled eggs easier than ever.','The Egglettes Hard Boiled Egg Maker helps make the process of preparing hard boiled eggs, soft boiled eggs and mini-omelets easier than ever. The non-stick, silicone pods de-shell the eggs for you while the egglettes pods provide a water-tight lid that prevents water from entering during the boiling process. The boiled egg cooker is dishwasher-safe, making clean-up a breeze. It\'s an ideal addition to most sets of cooking accessories. Use it for preparing eggs bites, egg whites, fruit, cupcakes, frozen treats, candy and more or for food storage or serving dips and sauces. Prepare recipes for breakfast; lunch, dinner, snack or mealtime and they can also hold and be used to sort small items. The Egglettes Hard Boiled Egg Maker is fun for a birthday or holiday party, baby shower, picnic, wedding or showcase and Easter egg creations. Simply crack open the eggs, pour them in, boil and serve for quick, convenient and easy use.'),(12,'Star Shower',2499,'/images/slideshow.jpeg','Take your home from dark to dazzling with As Seen On TV Christmas Star Shower Slide Show LED Projector!','Do you strive to have the best looking home decorations for the holidays, like Halloween and Christmas? If so, the As Seen On TV Star Shower Slide Show Christmas LED Projector is the perfect decoration product for your household and the best way to get Santa\'s attention! Take your home from dark to dazzling with As Seen On TV Christmas Star Shower Slide Show LED Projector! Watch the dazzling LED Christmas Light designs dance right before your eyes or freeze them with just a click of the projector. Engineered with Easy Slide Technology, the As Seen On TV Christmas Star Shower Slide Show is an explosion of cheery l Christmas lights and colors. Watch your slideshow in three speeds – choose from slow, fast, and freeze settings. Plug it in, insert a slide, and watch your home come to life! A super-efficient motor coupled with bright LED lights allows holiday decoration images to dance over your home. With a water-resistant casing and extra-long stake, Star Shower Slide Show is safe in snow and rain. The indoor base allows you to create festive Halloween decoration and Christmas interiors – perfect for apartments, basements, recreation halls, or anywhere you want to celebrate. The Star Shower Slideshow also has a Halloween decoration display setting, perfect for a painless way to decorate for the holidays! Illuminate your home with As Seen On TV Christmas Decoration Lights- Star Shower Slide Show LED Projector and become the envy of the neighborhood for the holiday season!'),(13,'Robo Twist',1987,'/images/robotwist.jpeg','Never struggle again with the Robo Twist Jar Opener. It easily removes even the toughest jar lids.','Never struggle again with the Robo Twist Jar Opener. It easily removes even the toughest jar lids. This electric jar opener is as easy as setting it on the lid, pressing the button and watching it work. The vice locks on tight and unscrews it without any effort on your part. This hands-free jar opener does all the hard work for you. Robo Twist Jar Opener:Electric jar opener easily opens even the toughest jar lidsLocks on tight to the lid of any jar and unscrews it effortlesslyEasy to usePlace it on a jar lid and press the buttonVice clamps on tightly and removes the lid- adjustable for any jar sizeRobotwist doesn\'t utilize blades or electricityBatteries required- 2 AA (not included)'),(14,'Relief Wrap ULTRA',4474,'/images/reliefwrap.png','The neck, shoulder and back heat wrap that soothes away tension and helps ease achy muscles and joints.','The neck, shoulder and back heat wrap that soothes away tension and helps ease achy muscles and joints. The Thermapulse® Relief Wrap™\'s unique design is shaped to perfectly target the neck, back and shoulder areas. The contoured fit gets to those hard-to-reach areas! The large wrap, with lightly weighted edges and a magnetic clasp, ensures full coverage and a snug custom fit that stays in place. Thermapulse® Relief Wrap™ combines innovative heat therapy with luxurious micro-plush fabric to surround you with warmth and soothing comfort to melt away tension! You can unwind and get spa-like relaxation right in the comfort of your own home! The 2 heat settings let you customize your therapy based on the level of intensity you need to start feeling better! Simply turn on Thermapulse® Relief Wrap™ to your desired setting and receive relaxing therapeutic heat directly on the area of stress and strain for maximum relief!'),(15,'Sani Sticks',988,'/images/sanisticks.jpeg','Achieve a fresh smelling drain and avoid the odor with Lavender scent SANI STICKS®','About This Item\r\nWe aim to show you accurate product information. Manufacturers, suppliers and others provide what you see here, and we have not verified it. See our disclaimer\r\nAchieve a fresh smelling drain and avoid the odor with Lavender scent SANI STICKS® the concentrated cleaning and sanitation sticks you drop in the drain once a month to prevent backups, clogs and nasty odors before they start. The stick rests in the pipe-trap and slowly releases a blend of enzymes to break down food, grease, and other organic materials. SANI STICKS is safe for use on all drains and is safe for septic tanks. With 24 sticks, you can protect up to 2 drains in your home. It keeps your water flowing and pipes odor-free.'),(16,'Bacon Wave',899,'/images/baconwave.jpeg','The Bacon Wave Microwave Bacon Cooker is a quick and efficient way to make delicious bacon.','Microwave Bacon TrayAs seen on TV. The original. Cooked to perfection. Crispy & tasty in your microwave. BPA free. The frying pan taste without the frying pan. Less fat. Less grease. Less calories. Less cholesterol. Dishwasher safe! Separates bacon from unwanted grease. Cooks up to 14 slices. At Emson we care about the environment. So remember to please recycle. Manufactured in China. Most of us are guilty of hitting the snooze button one, two, even three times in the morning; the quest for extra sleep is real and ongoing, but this habit means we all have less time in the morning to shower, dress, and dash out the door to make it work. And forget breakfast; there\'s just not enough time in the morning to cook up something hot and tasty -- until now. The Mishan Bacon Wave Microwave Bacon Cooker is a quick and efficient way to make delicious bacon before you run out the door in the morning. This device features enough slots to cook up to 14 slices of brown, crisp and straight bacon, an amazing high-protein breakfast that will give you plenty of energy for the day. This microwave bacon tray gives you that fresh out of the frying pan taste, and is easy to clean.'),(17,'Bowl Light',1182,'/images/toiletlight.jpeg','Make it easier for your family to locate the bathroom at night by with this Bowl Light Motion-Activated LED Toilet Light. ','Make it easier for your family to locate the bathroom at night by installing this As Seen On TV Bowl Light Motion-Activated LED Toilet Light. This product is designed to automatically turn on whenever it detects movement. It operates without any wiring and can be set up without any tools. This toilet bowl light features a slim and sleek design and is water-resistant. If you want to change how it looks, simply press the button to select a single color or program it to a color-cycle mode. It\'s also equipped with a 5-stage adjustable brightness function. This As Seen on TV bowl light motion-activated LED toilet light is designed to fit any toilet size.'),(18,'Potted Groot',1597,'/images/grootchia.jpeg',' Chia Pet \"Potted Groot\" from Guardians of the Galaxy - is a fun and amusing gift for any age and any occasion.','Perfect for any fan of Groot and Guardians of the Galaxy! Easy to Do ... Fun to Grow! You\'ll see a full coat in about 1-2 weeks, and you can reuse your Chia indefinitely. Simply replant with Chia seeds packets (extra seeds included) or similar herb seeds such as basil, alfalfa, marjoram or thyme.');
/*!40000 ALTER TABLE `products` ENABLE KEYS */;
UNLOCK TABLES;
/*!40103 SET TIME_ZONE=@OLD_TIME_ZONE */;

/*!40101 SET SQL_MODE=@OLD_SQL_MODE */;
/*!40014 SET FOREIGN_KEY_CHECKS=@OLD_FOREIGN_KEY_CHECKS */;
/*!40014 SET UNIQUE_CHECKS=@OLD_UNIQUE_CHECKS */;
/*!40101 SET CHARACTER_SET_CLIENT=@OLD_CHARACTER_SET_CLIENT */;
/*!40101 SET CHARACTER_SET_RESULTS=@OLD_CHARACTER_SET_RESULTS */;
/*!40101 SET COLLATION_CONNECTION=@OLD_COLLATION_CONNECTION */;
/*!40111 SET SQL_NOTES=@OLD_SQL_NOTES */;

-- Dump completed on 2019-12-30 22:21:07
